transaction_date,Day_name,Month_name,Number_of_sales,revenue_per_day
2023-01-01,Sun,Jan,550,2508.2000000000007
2023-01-02,Mon,Jan,566,2403.3500000000004
2023-01-03,Tue,Jan,582,2565.0000000000005
2023-01-04,Wed,Jan,497,2220.1
2023-01-05,Thu,Jan,547,2418.8500000000004
2023-01-06,Fri,Jan,509,2273.85
2023-01-07,Sat,Jan,562,2619.6499999999987
2023-01-08,Sun,Jan,562,2638.5299999999984
2023-01-09,Mon,Jan,551,2676.6099999999983
2023-01-10,Tue,Jan,602,2685.649999999999
2023-01-11,Wed,Jan,561,2555.7499999999986
2023-01-12,Thu,Jan,534,2327.6999999999994
2023-01-13,Fri,Jan,625,3033.5999999999985
2023-01-14,Sat,Jan,577,2682.5099999999975
2023-01-15,Sun,Jan,663,3167.7099999999964
2023-01-16,Mon,Jan,627,2829.1599999999976
2023-01-17,Tue,Jan,532,3285.7999999999975
2023-01-18,Wed,Jan,588,2735.9599999999973
2023-01-19,Thu,Jan,616,2913.6799999999994
2023-01-20,Fri,Jan,578,2603.729999999999
2023-01-21,Sat,Jan,597,3082.8499999999976
2023-01-22,Sun,Jan,491,2367.3299999999986
2023-01-23,Mon,Jan,589,2853.1499999999983
2023-01-24,Tue,Jan,588,2868.949999999998
2023-01-25,Wed,Jan,583,2846.5499999999984
2023-01-26,Thu,Jan,586,2863.029999999998
2023-01-27,Fri,Jan,579,2742.0999999999995
2023-01-28,Sat,Jan,470,2037.1000000000004
2023-01-29,Sun,Jan,459,2060.750000000001
2023-01-30,Mon,Jan,481,2476.4100000000003
2023-01-31,Tue,Jan,462,2334.13
2023-02-01,Wed,Feb,546,2466.3
2023-02-02,Thu,Feb,569,2506.899999999999
2023-02-03,Fri,Feb,586,2591.4499999999994
2023-02-04,Sat,Feb,584,2551.7000000000003
2023-02-05,Sun,Feb,533,2304.7000000000003
2023-02-06,Mon,Feb,489,2203.3999999999996
2023-02-07,Tue,Feb,546,2434.55
2023-02-08,Wed,Feb,599,2762.429999999998
2023-02-09,Thu,Feb,562,2610.6299999999974
2023-02-10,Fri,Feb,635,2901.599999999998
2023-02-11,Sat,Feb,567,2526.739999999998
2023-02-12,Sun,Feb,607,2893.9999999999977
2023-02-13,Mon,Feb,593,2845.479999999999
2023-02-14,Tue,Feb,587,2673.929999999997
2023-02-15,Wed,Feb,624,2928.049999999996
2023-02-16,Thu,Feb,639,3023.329999999999
2023-02-17,Fri,Feb,534,2300.749999999999
2023-02-18,Sat,Feb,594,2865.4799999999987
2023-02-19,Sun,Feb,692,3219.5999999999976
2023-02-20,Mon,Feb,628,2883.6299999999987
2023-02-21,Tue,Feb,555,2783.5299999999997
2023-02-22,Wed,Feb,581,2928.699999999999
2023-02-23,Thu,Feb,555,2746.2099999999996
2023-02-24,Fri,Feb,603,2940.699999999999
2023-02-25,Sat,Feb,576,2823.549999999999
2023-02-26,Sun,Feb,601,2956.749999999997
2023-02-27,Mon,Feb,663,3159.9999999999977
2023-02-28,Tue,Feb,511,2311.1000000000004
2023-03-01,Wed,Mar,661,3040.2500000000005
2023-03-02,Thu,Mar,673,2996.049999999998
2023-03-03,Fri,Mar,710,3155.1499999999983
2023-03-04,Sat,Mar,624,2781.8999999999983
2023-03-05,Sun,Mar,675,2945.3000000000006
2023-03-06,Mon,Mar,587,2618.0499999999993
2023-03-07,Tue,Mar,629,2803.5000000000005
2023-03-08,Wed,Mar,742,3523.2599999999966
2023-03-09,Thu,Mar,722,3459.9699999999975
2023-03-10,Fri,Mar,750,3441.5799999999977
2023-03-11,Sat,Mar,689,3211.649999999996
2023-03-12,Sun,Mar,667,3088.3299999999986
2023-03-13,Mon,Mar,730,3627.6499999999983
2023-03-14,Tue,Mar,691,3312.6599999999967
2023-03-15,Wed,Mar,721,3338.0299999999957
2023-03-16,Thu,Mar,758,3386.1099999999988
2023-03-17,Fri,Mar,693,3181.749999999999
2023-03-18,Sat,Mar,731,3408.359999999999
2023-03-19,Sun,Mar,725,3340.029999999998
2023-03-20,Mon,Mar,735,3262.279999999998
2023-03-21,Tue,Mar,650,3209.799999999998
2023-03-22,Wed,Mar,669,3284.1099999999974
2023-03-23,Thu,Mar,694,3361.1299999999987
2023-03-24,Fri,Mar,718,3586.1999999999975
2023-03-25,Sat,Mar,688,3380.949999999998
2023-03-26,Sun,Mar,671,3310.8299999999967
2023-03-27,Mon,Mar,764,3674.3499999999976
2023-03-28,Tue,Mar,626,2792.549999999998
2023-03-29,Wed,Mar,582,2492.000000000001
2023-03-30,Thu,Mar,639,2932.819999999997
2023-03-31,Fri,Mar,615,2888.0799999999977
2023-04-01,Sat,Apr,830,3699.8999999999996
2023-04-02,Sun,Apr,802,3575.8499999999985
2023-04-03,Mon,Apr,814,3604.9499999999957
2023-04-04,Tue,Apr,753,3327.2999999999956
2023-04-05,Wed,Apr,814,3552.7
2023-04-06,Thu,Apr,739,3250.1999999999985
2023-04-07,Fri,Apr,802,3682.799999999998
2023-04-08,Sat,Apr,933,4573.059999999994
2023-04-09,Sun,Apr,848,4088.8799999999956
2023-04-10,Mon,Apr,913,4220.299999999996
2023-04-11,Tue,Apr,864,3852.8599999999956
2023-04-12,Wed,Apr,867,4040.1799999999967
2023-04-13,Thu,Apr,870,4114.529999999999
2023-04-14,Fri,Apr,821,4131.249999999996
2023-04-15,Sat,Apr,881,4121.789999999995
2023-04-16,Sun,Apr,989,4500.389999999997
2023-04-17,Mon,Apr,795,4332.099999999999
2023-04-18,Tue,Apr,910,4354.069999999997
2023-04-19,Wed,Apr,921,4318.309999999997
2023-04-20,Thu,Apr,854,3924.779999999997
2023-04-21,Fri,Apr,809,4005.3799999999965
2023-04-22,Sat,Apr,798,3961.5799999999967
2023-04-23,Sun,Apr,855,4321.289999999998
2023-04-24,Mon,Apr,893,4265.449999999996
2023-04-25,Tue,Apr,863,4254.999999999995
2023-04-26,Wed,Apr,915,4559.449999999995
2023-04-27,Thu,Apr,954,4427.099999999997
2023-04-28,Fri,Apr,769,3373.7999999999975
2023-04-29,Sat,Apr,674,2953.4999999999995
2023-04-30,Sun,Apr,785,3552.329999999998
2023-05-01,Mon,May,1050,4731.449999999999
2023-05-02,Tue,May,1040,4625.499999999997
2023-05-03,Wed,May,1076,4714.599999999994
2023-05-04,Thu,May,1029,4589.699999999995
2023-05-05,Fri,May,1062,4700.999999999997
2023-05-06,Sat,May,955,4205.149999999998
2023-05-07,Sun,May,1012,4542.699999999998
2023-05-08,Mon,May,1186,5604.209999999995
2023-05-09,Tue,May,1094,5100.969999999997
2023-05-10,Wed,May,1163,5256.329999999999
2023-05-11,Thu,May,1067,4850.059999999996
2023-05-12,Fri,May,1040,4681.1299999999965
2023-05-13,Sat,May,1148,5511.529999999999
2023-05-14,Sun,May,1071,5052.649999999999
2023-05-15,Mon,May,1156,5384.9800000000005
2023-05-16,Tue,May,1219,5542.129999999997
2023-05-17,Wed,May,1014,5418.000000000001
2023-05-18,Thu,May,1192,5583.470000000001
2023-05-19,Fri,May,1214,5657.880000000005
2023-05-20,Sat,May,1166,5519.280000000003
2023-05-21,Sun,May,1053,5370.810000000003
2023-05-22,Mon,May,1117,5541.16
2023-05-23,Tue,May,1075,5242.910000000001
2023-05-24,Wed,May,1104,5391.45
2023-05-25,Thu,May,1043,5230.8499999999985
2023-05-26,Fri,May,1089,5300.949999999998
2023-05-27,Sat,May,1183,5559.1500000000015
2023-05-28,Sun,May,999,4338.649999999998
2023-05-29,Mon,May,906,3959.499999999998
2023-05-30,Tue,May,1022,4835.479999999997
2023-05-31,Wed,May,982,4684.129999999993
2023-06-01,Thu,Jun,1150,5227.000000000001
2023-06-02,Fri,Jun,1143,5056.499999999996
2023-06-03,Sat,Jun,1160,5166.649999999994
2023-06-04,Sun,Jun,1114,4985.149999999999
2023-06-05,Mon,Jun,1110,4911.149999999995
2023-06-06,Tue,Jun,1041,4598.899999999996
2023-06-07,Wed,Jun,1083,4883.099999999998
2023-06-08,Thu,Jun,1269,6151.5899999999965
2023-06-09,Fri,Jun,1224,5867.159999999994
2023-06-10,Sat,Jun,1210,5626.749999999998
2023-06-11,Sun,Jun,1208,5418.609999999998
2023-06-12,Mon,Jun,1162,5328.699999999996
2023-06-13,Tue,Jun,1281,6189.360000000001
2023-06-14,Wed,Jun,1194,5836.519999999998
2023-06-15,Thu,Jun,1237,5806.240000000002
2023-06-16,Fri,Jun,1331,6011.430000000001
2023-06-17,Sat,Jun,1099,6117.599999999999
2023-06-18,Sun,Jun,1290,6026.090000000003
2023-06-19,Mon,Jun,1343,6403.910000000004
2023-06-20,Tue,Jun,1202,5494.659999999999
2023-06-21,Wed,Jun,1153,5808.380000000005
2023-06-22,Thu,Jun,1147,5615.099999999998
2023-06-23,Fri,Jun,1167,5781.859999999997
2023-06-24,Sat,Jun,1214,5906.1
2023-06-25,Sun,Jun,1174,5754.849999999996
2023-06-26,Mon,Jun,1195,5875.9
2023-06-27,Tue,Jun,1277,5975.65
2023-06-28,Wed,Jun,1070,4728.899999999999
2023-06-29,Thu,Jun,1009,4450.749999999998
2023-06-30,Fri,Jun,1095,5481.32
